<?xml version="1.0" encoding="UTF-8"?>
<project-private xmlns="http://www.netbeans.org/ns/project-private/1">
    <editor-bookmarks xmlns="http://www.netbeans.org/ns/editor-bookmarks/2" lastBookmarkId="0"/>
    <open-files xmlns="http://www.netbeans.org/ns/projectui-open-files/2">
        <group>
            <file>file:/C:/Users/spars/OneDrive/Documents/NetBeansProjects/Bank%20Management%20System/src/bank/MiniStatement.java</file>
            <file>file:/C:/Users/spars/OneDrive/Documents/NetBeansProjects/Bank%20Management%20System/src/bank/Signup2.java</file>
            <file>file:/C:/Users/spars/OneDrive/Documents/NetBeansProjects/Bank%20Management%20System/src/bank/Signup.java</file>
            <file>file:/C:/Users/spars/OneDrive/Documents/NetBeansProjects/Bank%20Management%20System/src/bank/Withdrawl.java</file>
            <file>file:/C:/Users/spars/OneDrive/Documents/NetBeansProjects/Bank%20Management%20System/src/bank/BankManagementSystem.java</file>
            <file>file:/C:/Users/spars/OneDrive/Documents/NetBeansProjects/Bank%20Management%20System/src/bank/Deposit.java</file>
            <file>file:/C:/Users/spars/OneDrive/Documents/NetBeansProjects/Bank%20Management%20System/src/bank/conn.java</file>
            <file>file:/C:/Users/spars/OneDrive/Documents/NetBeansProjects/Bank%20Management%20System/src/bank/Pin.java</file>
            <file>file:/C:/Users/spars/OneDrive/Documents/NetBeansProjects/Bank%20Management%20System/src/bank/FastCash.java</file>
            <file>file:/C:/Users/spars/OneDrive/Documents/NetBeansProjects/Bank%20Management%20System/src/bank/Login.java</file>
            <file>file:/C:/Users/spars/OneDrive/Documents/NetBeansProjects/Bank%20Management%20System/src/bank/Transactions.java</file>
            <file>file:/C:/Users/spars/OneDrive/Documents/NetBeansProjects/Bank%20Management%20System/src/bank/Signup3.java</file>
        </group>
    </open-files>
</project-private>
